fold,model_name,validation_accuracy_inner,test_accuracy_fold,num_training_samples_inner,num_validation_samples_inner,num_test_samples_fold,num_features_used,non-cancer_precision_test_fold,non-cancer_recall_test_fold,non-cancer_f1-score_test_fold,non-cancer_support_test_fold,cancer_precision_test_fold,cancer_recall_test_fold,cancer_f1-score_test_fold,cancer_support_test_fold,macro_avg_precision_test_fold,macro_avg_recall_test_fold,macro_avg_f1-score_test_fold,weighted_avg_precision_test_fold,weighted_avg_recall_test_fold,weighted_avg_f1-score_test_fold
1,RandomForestClassifier_Extended,0.7745664739884393,0.7687861271676301,517,173,173,52,1.0,0.06976744186046512,0.13043478260869565,43.0,0.7647058823529411,1.0,0.8666666666666667,130.0,0.8823529411764706,0.5348837209302325,0.4985507246376812,0.8231893913634818,0.7687861271676301,0.6836726145597721
2,RandomForestClassifier_Extended,0.7803468208092486,0.7398843930635838,517,173,173,52,0.0,0.0,0.0,43.0,0.7485380116959064,0.9846153846153847,0.8504983388704319,130.0,0.3742690058479532,0.49230769230769234,0.42524916943521596,0.5624852111009702,0.7398843930635838,0.6391027979951223
3,RandomForestClassifier_Extended,0.7803468208092486,0.7398843930635838,517,173,173,52,0.0,0.0,0.0,43.0,0.7485380116959064,0.9846153846153847,0.8504983388704319,130.0,0.3742690058479532,0.49230769230769234,0.42524916943521596,0.5624852111009702,0.7398843930635838,0.6391027979951223
4,RandomForestClassifier_Extended,0.7687861271676301,0.7732558139534884,518,173,172,52,0.8,0.09523809523809523,0.1702127659574468,42.0,0.7724550898203593,0.9923076923076923,0.8686868686868687,130.0,0.7862275449101797,0.5437728937728938,0.5194498173221578,0.7791811725386437,0.7732558139534884,0.6981292389506145
5,RandomForestClassifier_Extended,0.7283236994219653,0.7441860465116279,518,173,172,52,0.42857142857142855,0.06976744186046512,0.12,43.0,0.7575757575757576,0.9689922480620154,0.8503401360544217,129.0,0.5930735930735931,0.5193798449612402,0.48517006802721085,0.6753246753246753,0.7441860465116279,0.6677551020408163
